"date_key","retail_price","discount_price","avg_basket_value","avg_basket_cnt","total_qty_sold","bonus_qty_sold","promotion_qty_sold","discount_qty_sold","ps_MM","ps_UM","ps_LA","ps_SUM"
"20201115","43.99","43.99","1810.50","55.0","2","0","0","0","0","2","0","0"
"20181204","38.99","38.99","633.99","16.666666666666668","6","0","0","0","0","2","0","0"
"20191222","29.99","29.99","29.99","1.0","1","0","1","0","0","0","0","0"
"20190208","38.99","38.99","542.18","22.0","1","0","0","0","0","1","0","0"
"20190329","29.99","29.99","587.96","23.833333333333332","8","0","8","0","2","4","0","0"
"20200803","39.99","39.99","687.92","27.5","4","0","0","0","2","1","0","1"
"20210228","43.99","43.99","1030.55","38.0","4","0","0","0","3","1","0","0"
"20201107","43.99","43.99","1518.28","46.75","5","0","0","0","0","4","0","0"
"20190910","39.99","39.99","129.95","6.0","1","0","0","0","0","0","0","1"
"20181208","38.99","38.99","910.37","33.0","4","0","0","0","0","2","0","1"
"20210224","43.99","43.99","1739.63","59.5","2","0","0","0","0","2","0","0"
"20181030","36.99","36.99","358.52","7.0","1","0","0","0","0","1","0","0"
"20200317","39.99","39.99","2842.18","66.0","1","0","0","0","0","0","0","1"
"20200925","43.99","35.19","661.69","22.8","6","6","0","6","1","3","0","1"
"20191227","39.99","39.99","964.09","35.0","1","0","0","0","0","1","0","0"
"20181217","38.99","38.99","270.31","19.0","1","0","0","0","0","1","0","0"
"20200625","39.99","39.99","367.46","16.0","1","0","0","0","0","1","0","0"
"20200812","39.99","39.99","54.73","3.0","1","0","0","0","0","0","0","0"
"20200929","43.99","34.36","1053.81","34.875","9","9","0","9","0","7","0","1"
"20190303","38.99","38.99","687.21","28.333333333333332","3","0","0","0","0","2","0","1"
"20180714","36.99","36.99","791.06","38.0","1","0","0","0","0","1","0","0"
"20190617","38.99","38.99","239.80","13.666666666666666","3","0","0","0","1","2","0","0"
"20200826","42.99","42.99","980.74","38.666666666666664","3","2","0","2","0","2","0","0"
"20180919","36.99","36.99","480.67","17.5","2","0","0","0","0","0","0","1"
"20181106","38.99","38.91","131.26","7.5","2","1","0","1","0","1","0","1"
"20200514","39.99","39.99","360.42","14.0","1","0","0","0","0","1","0","0"
"20200705","39.99","39.99","902.35","33.0","3","0","0","0","1","2","0","0"
"20190106","38.99","38.99","3560.16","120.0","1","0","0","0","0","1","0","0"
"20181227","38.99","38.99","627.53","22.0","1","0","0","0","0","1","0","0"
"20210407","32.99","32.99","836.89","25.5","4","0","4","0","1","3","0","0"
"20190227","38.99","38.99","1194.97","52.0","1","0","0","0","0","1","0","0"
"20181102","36.99","36.99","36.99","1.0","1","0","0","0","0","0","0","0"
"20191120","39.99","39.99","656.58","21.75","4","0","0","0","1","2","0","0"
"20200510","39.99","34.66","1214.46","36.666666666666664","3","2","0","2","0","3","0","0"
"20190504","38.99","38.99","618.21","29.0","1","0","0","0","0","1","0","0"
"20200818","42.99","42.99","974.18","37.0","1","0","0","0","0","1","0","0"
"20210126","43.99","43.99","596.89","21.5","2","0","0","0","1","1","0","0"
"20190929","39.99","39.99","2303.81","88.0","1","0","0","0","0","1","0","0"
"20181223","38.99","38.99","683.58","24.0","2","0","0","0","2","0","0","0"
"20190804","38.99","38.99","388.65","16.0","1","0","0","0","1","0","0","0"
"20181219","38.99","38.99","522.96","19.833333333333332","7","0","0","0","2","4","0","0"
"20200202","43.99","43.99","817.24","28.0","2","0","0","0","1","1","0","0"
"20200518","39.99","35.99","889.86","30.5","2","1","0","1","0","2","0","0"
"20200214","39.99","39.99","775.67","28.0","1","0","0","0","0","0","0","1"
"20200920","43.99","43.99","570.17","21.0","2","1","0","1","1","1","0","0"
"20191101","29.99","29.99","1189.93","47.333333333333336","3","0","3","0","0","3","0","0"
"20200222","39.99","39.99","731.81","19.666666666666668","3","0","0","0","0","2","0","1"
"20191214","29.99","29.99","666.93","31.0","2","0","2","0","0","2","0","0"
"20190321","38.99","38.99","354.88","9.0","2","0","0","0","0","1","0","1"
"20200530","39.99","33.99","1438.55","41.2","6","4","6","4","2","1","0","2"
"20190824","38.99","38.99","796.41","27.2","5","0","0","0","0","5","0","0"
"20200807","39.99","39.99","1119.99","37.0","1","0","0","0","0","1","0","0"
"20190706","38.99","38.99","101.83","7.0","1","0","0","0","0","1","0","0"
"20190827","38.99","38.99","774.74","43.0","1","0","0","0","0","1","0","0"
"20200412","39.99","39.99","2026.74","56.0","2","0","0","0","0","2","0","0"
"20190207","38.99","38.99","104.33","7.0","1","0","0","0","0","0","0","1"
"20190519","38.99","38.99","735.51","29.25","4","0","0","0","0","3","0","0"
"20190823","38.99","38.99","600.50","27.0","3","0","0","0","0","3","0","0"
"20180809","36.99","36.99","838.90","28.0","3","0","0","0","0","1","0","1"
"20190402","29.99","29.99","56.35","3.0","1","0","1","0","0","0","0","0"
"20181121","29.99","29.99","821.12","35.0","3","0","3","0","0","0","0","1"
"20200217","39.99","39.99","950.72","23.0","1","0","0","0","0","1","0","0"
"20200123","39.99","39.99","260.04","19.0","1","0","0","0","0","0","0","1"
"20200115","39.99","39.99","459.93","29.0","1","0","0","0","1","0","0","0"
"20181125","29.99","29.99","722.75","30.0","3","0","3","0","0","2","0","1"
"20181117","38.99","38.99","1203.39","42.0","1","0","0","0","0","1","0","0"
"20190831","38.99","38.99","744.79","25.0","2","0","0","0","0","2","0","0"
"20200724","39.99","39.99","1231.15","45.666666666666664","3","0","0","0","0","3","0","0"
"20200408","39.99","39.99","1586.62","47.0","2","0","0","0","0","1","0","1"
"20200712","39.99","39.99","679.86","28.333333333333332","4","0","0","0","0","3","0","0"
"20180817","36.99","36.99","660.44","20.0","2","0","0","0","0","2","0","0"
"20190515","38.99","38.99","145.23","5.0","1","0","0","0","0","1","0","0"
"20190527","38.99","38.99","1197.74","38.25","4","0","0","0","1","1","0","2"
"20201009","43.99","32.99","1546.80","34.0","1","1","0","1","0","1","0","0"
"20190925","39.99","39.99","1412.58","45.0","1","0","0","0","1","0","0","0"
"20210130","43.99","43.99","1331.58","43.5","2","0","0","0","1","0","0","1"
"20210403","32.99","32.99","1023.73","42.0","1","0","0","0","0","1","0","0"
"20180911","36.99","36.99","376.97","19.0","1","0","0","0","0","1","0","0"
"20201013","43.99","43.99","891.30","21.0","1","0","0","0","0","0","0","1"
"20210327","32.99","32.99","600.03","23.6","7","0","7","0","1","3","0","1"
"20181026","36.99","36.99","481.96","14.0","1","0","0","0","0","1","0","0"
"20210210","43.99","43.99","796.24","26.0","1","0","0","0","0","1","0","0"
"20200621","39.99","39.99","763.25","27.0","1","0","0","0","0","1","0","0"
"20180901","29.99","29.99","379.98","15.5","5","0","5","0","0","1","0","0"
"20210202","43.99","43.99","1271.48","39.666666666666664","3","0","0","0","0","2","0","1"
"20210206","43.99","43.99","736.81","21.0","1","0","0","0","0","0","0","1"
"20210331","32.99","32.99","841.68","26.166666666666668","6","0","6","0","1","3","0","0"
"20201206","32.99","32.99","1156.14","28.666666666666668","3","2","3","2","1","2","0","0"
"20190915","39.99","39.99","749.80","23.0","3","0","0","0","0","2","0","1"
"20190607","38.99","38.99","515.10","26.5","2","0","0","0","0","2","0","0"
"20180909","29.99","29.99","182.47","9.0","3","0","3","0","0","2","0","1"
"20210323","32.99","32.99","603.68","24.0","1","0","1","0","1","0","0","0"
"20201218","43.99","32.33","1093.42","32.5","7","6","0","6","1","3","0","2"
"20200602","39.99","29.99","261.40","14.0","1","1","1","1","1","0","0","0"
"20190713","38.99","38.99","168.81","9.0","1","0","0","0","0","0","0","1"
"20180703","36.99","36.99","739.73","34.0","1","0","0","0","0","1","0","0"
"20210222","43.99","43.99","1226.39","41.0","1","0","0","0","0","1","0","0"
"20201222","43.99","34.66","1114.55","41.0","3","2","0","2","0","3","0","0"
"20210110","45.99","45.99","1374.65","38.5","2","0","0","0","0","2","0","0"
"20210114","43.99","43.99","142.70","6.0","1","0","0","0","1","0","0","0"
"20200716","39.99","39.99","698.25","21.0","3","0","0","0","0","2","0","1"
"20200423","43.99","37.67","1731.05","59.0","7","7","0","7","0","1","0","1"
"20190409","38.99","38.99","770.89","20.0","2","0","0","0","0","1","0","1"
"20210324","32.99","32.99","1003.72","30.0","1","0","1","0","0","1","0","0"
"20190729","38.99","38.99","717.98","24.0","1","0","0","0","0","1","0","0"
"20200310","39.99","39.99","423.26","20.0","1","0","0","0","0","1","0","0"
"20201008","43.99","43.99","179.42","8.0","1","0","0","0","1","0","0","0"
"20210406","32.99","32.99","659.08","23.428571428571427","10","0","9","0","1","4","0","2"
"20190113","38.99","38.99","917.18","33.333333333333336","3","0","0","0","0","2","0","1"
"20191006","39.99","39.99","212.95","13.0","1","0","0","0","1","0","0","0"
"20180828","29.99","29.99","432.84","18.666666666666668","7","0","7","0","0","3","0","0"
"20190417","38.99","38.99","478.71","15.5","2","0","0","0","1","0","0","1"
"20200427","43.99","31.99","552.78","19.5","3","3","0","3","0","2","0","0"
"20181105","38.99","38.99","355.46","13.0","1","0","0","0","0","1","0","0"
"20210320","43.99","43.99","462.79","18.0","1","0","0","0","1","0","0","0"
"20200617","43.99","43.99","166.91","9.0","1","0","0","0","0","1","0","0"
"20190923","39.99","39.99","617.00","23.0","1","0","0","0","1","0","0","0"
"20191231","39.99","39.99","868.10","30.0","1","0","0","0","0","1","0","0"
"20190611","38.99","38.99","136.57","5.0","1","0","0","0","0","0","0","1"
"20180905","29.99","29.99","1167.05","38.666666666666664","3","0","3","0","0","2","0","1"
"20201202","32.99","32.99","182.09","12.0","2","1","2","1","1","1","0","0"
"20200313","39.99","39.99","582.71","27.0","2","0","0","0","0","2","0","0"
"20201016","43.99","43.99","430.75","17.5","2","0","0","0","0","2","0","0"
"20201012","43.99","43.99","2910.93","74.0","1","0","0","0","0","0","0","1"
"20190725","38.99","38.99","731.70","30.0","1","0","0","0","0","1","0","0"
"20190421","38.99","38.99","454.90","10.0","1","0","0","0","0","0","0","1"
"20181023","36.99","36.99","664.50","25.0","4","0","0","0","1","2","0","1"
"20200119","39.99","39.99","975.19","41.0","1","0","0","0","0","1","0","0"
"20210308","43.99","43.99","188.67","9.0","1","0","0","0","0","1","0","0"
"20191208","39.99","39.99","834.59","31.0","2","0","0","0","0","2","0","0"
"20190128","29.99","29.99","133.58","8.0","1","0","1","0","0","1","0","0"
"20210304","43.99","43.99","575.38","15.5","2","0","0","0","0","1","0","1"
"20181124","29.99","29.99","520.63","16.5","3","0","3","0","0","1","1","0"
"20200910","42.99","42.99","1990.47","90.0","1","0","0","0","0","1","0","0"
"20191021","29.99","29.99","493.67","17.333333333333332","3","0","3","0","1","2","0","0"
"20191212","29.99","29.99","402.38","15.5","4","0","4","0","1","3","0","0"
"20191204","39.99","39.99","1296.75","56.0","1","0","0","0","0","1","0","0"
"20191017","39.99","39.99","639.88","13.0","1","0","0","0","1","0","0","0"
"20190705","38.99","38.99","1820.10","69.0","1","0","0","0","0","1","0","0"
"20191025","29.99","29.99","839.99","25.2","6","1","6","1","1","4","0","0"
"20190627","29.99","29.99","575.33","17.5","8","0","8","0","1","4","0","1"
"20200606","39.99","29.99","667.23","21.333333333333332","4","4","4","4","0","2","0","1"
"20190124","29.99","29.99","511.62","28.0","2","0","2","0","1","1","0","0"
"20200723","39.99","39.99","1690.64","52.0","1","0","0","0","0","1","0","0"
"20180730","36.99","36.99","831.38","24.0","2","0","0","0","0","1","0","1"
"20201214","43.99","30.00","856.20","19.5","3","3","0","3","0","1","0","1"
"20200914","45.99","45.99","505.72","24.0","1","1","0","1","0","1","0","0"
"20181128","29.99","29.99","931.02","39.333333333333336","4","0","4","0","0","2","0","1"
"20200308","39.99","39.99","479.19","21.333333333333332","3","0","0","0","1","1","0","1"
"20201201","32.99","32.99","752.00","29.666666666666668","3","2","3","2","1","2","0","0"
"20191004","39.99","39.99","1133.99","53.0","2","0","0","0","0","1","1","0"
"20190602","38.99","38.99","970.13","38.0","6","0","0","0","0","4","0","0"
"20210318","43.99","43.99","159.71","5.0","1","0","0","0","0","1","0","0"
"20200312","39.99","39.99","1007.85","32.5","2","0","0","0","0","1","0","1"
"20200517","39.99","35.19","1013.64","28.0","6","4","0","4","1","3","0","1"
"20190624","29.99","29.99","623.21","21.666666666666668","4","0","4","0","1","2","0","0"
"20190811","38.99","38.99","380.54","16.2","5","0","0","0","0","4","0","0"
"20190324","38.99","38.99","1359.42","50.0","1","0","0","0","0","1","0","0"
"20190129","29.99","29.99","297.56","13.333333333333334","3","0","3","0","0","2","0","0"
"20200330","31.99","31.99","585.68","20.0","5","0","5","0","2","1","0","0"
"20200603","39.99","29.99","795.89","40.0","1","1","1","1","0","1","0","0"
"20191022","29.99","29.99","191.09","13.0","1","0","1","0","1","0","0","0"
"20191213","29.99","29.99","603.55","18.8","5","0","5","0","0","3","0","2"
"20200607","39.99","29.99","376.86","14.0","1","1","1","1","0","0","0","1"
"20190628","29.99","29.99","797.81","21.0","3","0","3","0","1","1","0","0"
"20201231","43.99","43.99","960.66","37.0","1","0","0","0","0","1","0","0"
"20190909","39.99","39.99","488.45","15.5","2","0","0","0","1","1","0","0"
"20190905","38.99","38.99","123.95","6.0","1","0","0","0","0","1","0","0"
"20190320","38.99","38.99","406.15","18.5","2","0","0","0","0","1","0","0"
"20181016","36.99","36.99","160.58","11.0","1","0","0","0","1","0","0","0"
"20191026","29.99","29.99","422.41","14.75","4","1","4","1","0","2","0","2"
"20190901","38.99","38.99","375.86","14.0","1","0","0","0","0","1","0","0"
"20201223","43.99","30.00","3754.70","93.5","3","3","3","3","0","2","0","0"
"20190601","38.99","38.99","767.58","27.0","2","0","0","0","0","2","0","0"
"20200525","39.99","32.49","956.76","34.5","4","3","4","3","2","2","0","0"
"20191209","29.99","29.99","2275.20","79.0","1","0","1","0","0","1","0","0"
"20200923","43.99","34.55","672.27","28.8","5","5","0","5","1","4","0","0"
"20190727","38.99","38.99","667.13","26.0","4","0","0","0","0","2","1","1"
"20200928","43.99","36.66","408.27","12.0","3","3","0","3","1","2","0","0"
"20180705","36.99","36.99","181.97","3.0","1","0","0","0","0","0","0","0"
"20190103","38.99","38.99","681.45","27.5","2","0","0","0","0","2","0","0"
"20190411","38.99","38.99","1187.76","39.333333333333336","3","0","0","0","0","3","0","0"
"20191027","29.99","29.99","911.34","35.0","6","3","6","3","1","5","0","0"
"20180713","36.99","36.99","193.92","7.0","2","0","0","0","1","1","0","0"
"20190914","39.99","39.99","1115.57","29.0","2","0","0","0","0","1","0","1"
"20210322","32.99","32.99","532.18","22.5","2","0","1","0","0","1","0","1"
"20181017","36.99","36.99","694.32","25.5","2","0","0","0","0","2","0","0"
"20200304","39.99","39.99","1045.00","37.0","1","0","0","0","0","0","0","1"
"20200924","43.99","36.01","1228.10","40.57142857142857","11","11","0","11","2","5","0","0"
"20201205","32.99","32.99","353.00","18.333333333333332","3","1","3","1","1","2","0","0"
"20201010","43.99","35.19","927.23","30.2","6","4","0","4","0","4","0","0"
"20210201","43.99","43.99","1208.02","38.5","4","0","0","0","2","1","0","0"
"20191031","29.99","29.99","1188.03","36.333333333333336","4","1","4","2","1","2","0","0"
"20210326","32.99","32.99","894.77","29.571428571428573","9","0","9","0","1","6","0","0"
"20190719","29.99","29.99","978.55","38.0","5","0","5","0","1","1","0","1"
"20181021","36.99","36.99","1439.93","47.0","1","0","0","0","0","1","0","0"
"20200615","43.99","43.99","440.83","12.5","2","0","0","0","1","1","0","0"
"20200424","43.99","38.85","1023.27","40.714285714285715","8","4","0","4","1","3","1","0"
"20180829","29.99","29.99","936.75","36.0","4","0","4","0","0","3","0","1"
"20191030","29.99","29.99","296.99","12.0","6","3","6","6","1","4","0","0"
"20180704","36.99","36.99","333.85","14.0","1","0","0","0","0","0","0","1"
"20200728","39.99","39.99","607.59","17.0","2","0","0","0","0","2","0","0"
"20210122","43.99","43.99","121.69","7.0","1","0","0","0","0","1","0","0"
"20190406","29.99","29.99","1013.12","34.0","6","0","6","0","1","2","0","1"
"20200303","39.99","39.99","95.56","5.0","1","0","0","0","0","1","0","0"
"20180825","29.99","29.99","989.21","35.55555555555556","10","0","10","0","0","8","0","0"
"20191123","39.99","39.99","964.50","28.0","1","0","0","0","0","1","0","0"
"20190203","29.99","29.99","338.40","12.0","3","0","3","0","0","2","0","1"
"20190511","38.99","38.99","162.84","6.0","1","0","0","0","0","0","0","1"
"20200704","39.99","39.99","594.21","18.0","2","0","0","0","1","1","0","0"
"20210106","45.99","45.99","1468.22","46.0","3","0","0","0","0","2","0","0"
"20190819","38.99","38.99","2001.87","70.0","1","0","0","0","1","0","0","0"
"20180805","36.99","36.99","731.72","21.666666666666668","3","0","0","0","0","2","0","0"
"20180926","29.99","29.99","124.62","5.0","1","0","1","0","1","0","0","0"
"20200829","42.99","42.99","900.80","25.5","2","0","0","0","0","0","0","1"
"20191127","39.99","39.99","353.53","9.0","1","0","0","0","0","1","0","0"
"20210223","43.99","43.99","639.53","22.666666666666668","3","0","0","0","0","3","0","0"
"20190507","38.99","38.99","460.10","24.0","2","0","0","0","1","1","0","0"
"20201102","43.99","43.99","296.11","19.0","1","0","0","0","0","1","0","0"
"20181113","38.99","38.99","730.92","27.0","1","0","0","0","0","1","0","0"
"20181109","38.99","38.99","1471.14","86.0","1","0","0","0","1","0","0","0"
"20200513","39.99","34.66","1365.73","38.0","5","3","0","3","0","1","0","1"
"20190503","38.99","38.99","874.12","35.0","1","0","0","0","0","1","0","0"
"20210227","43.99","43.99","1545.37","47.0","2","0","0","0","0","1","0","1"
"20180801","36.99","36.99","196.04","15.0","1","0","0","0","1","0","0","0"
"20201106","43.99","43.99","1033.91","40.0","1","0","0","0","0","1","0","0"
"20190226","38.99","38.99","829.40","27.0","2","0","0","0","0","1","0","1"
"20200213","39.99","39.99","476.10","12.0","1","0","0","0","0","1","0","0"
"20210102","45.99","45.99","928.28","24.666666666666668","3","0","0","0","0","2","0","1"
"20200521","39.99","33.59","655.48","28.2","5","4","0","4","2","3","0","0"
"20210115","43.99","43.99","1056.09","26.0","2","0","0","0","0","1","0","0"
"20200105","39.99","39.99","895.73","28.0","1","0","0","0","0","1","0","0"
"20200721","39.99","39.99","550.91","13.666666666666666","4","0","0","0","1","0","0","1"
"20210306","43.99","43.99","2718.49","78.0","1","0","0","0","0","1","0","0"
"20180818","36.99","36.99","697.34","29.75","4","0","0","0","1","3","0","0"
"20181130","29.99","29.99","798.04","30.0","4","0","4","0","1","1","0","0"
"20181122","29.99","29.99","737.44","33.0","2","0","2","0","0","2","0","0"
"20190715","29.99","29.99","362.94","14.333333333333334","3","0","3","0","2","1","0","0"
"20190407","29.99","29.99","815.07","29.0","6","0","6","0","0","4","0","1"
"20201006","43.99","32.99","430.25","29.0","1","1","0","1","0","1","0","0"
"20190524","38.99","38.99","263.56","16.0","1","0","0","0","1","0","0","0"
"20191019","39.99","39.99","1708.07","57.0","2","0","0","0","0","2","0","0"
"20200604","39.99","33.32","598.41","22.833333333333332","11","10","11","10","3","2","0","1"
"20190828","38.99","38.99","313.10","12.0","1","0","0","0","1","0","0","0"
"20190122","29.99","29.99","167.52","9.0","2","0","2","0","1","1","0","0"
"20191015","39.99","39.99","1548.61","52.666666666666664","3","0","0","0","0","2","0","1"
"20190509","38.99","38.99","1326.22","53.0","2","0","0","0","0","2","0","0"
"20190318","38.99","38.99","1772.68","34.0","1","0","0","0","0","1","0","0"
"20190626","29.99","29.99","546.66","17.0","2","0","2","0","0","1","0","1"
"20180924","29.99","29.99","1376.33","56.0","6","0","6","0","0","1","0","2"
"20190322","38.99","38.99","586.42","23.0","4","0","0","0","0","3","0","1"
"20190201","29.99","29.99","295.92","8.5","2","0","2","0","1","0","0","0"
"20191215","29.99","29.99","1233.09","43.0","2","0","2","0","1","1","0","0"
"20200523","39.99","34.28","1350.47","47.714285714285715","8","6","0","6","1","6","0","0"
"20200519","39.99","37.32","1960.02","60.0","3","1","0","1","1","2","0","0"
"20200207","43.99","43.99","344.19","17.0","1","0","0","0","1","0","0","0"
"20181201","29.99","29.99","1025.14","29.8","11","0","11","0","3","4","0","2"
"20190630","29.99","29.99","385.24","15.666666666666666","7","0","7","0","3","1","0","0"
"20180928","29.99","29.99","541.54","22.666666666666668","3","0","3","0","2","1","0","0"
"20191211","29.99","29.99","1836.95","47.0","1","0","1","0","0","1","0","0"
"20201221","43.99","30.00","1810.04","42.6","7","7","7","7","1","4","0","0"
"20190414","38.99","38.99","362.50","24.0","1","0","0","0","0","1","0","0"
"20190223","38.99","38.99","1054.04","29.333333333333332","3","0","0","0","0","2","0","1"
"20200108","39.99","39.99","780.62","30.5","2","0","0","0","1","1","0","0"
"20200416","39.99","31.99","1265.96","49.0","2","2","0","2","1","0","0","0"
"20190718","29.99","29.99","246.88","12.0","2","0","2","0","0","2","0","0"
"20210317","43.99","43.99","1375.24","45.0","3","0","0","0","0","1","0","0"
"20200701","39.99","39.99","234.41","11.0","1","0","0","0","0","1","0","0"
"20210313","43.99","43.99","942.23","29.25","4","0","0","0","2","2","0","0"
"20190714","38.99","38.99","670.82","19.0","1","0","0","0","0","1","0","0"
"20200112","39.99","39.99","1373.09","34.0","2","0","0","0","0","2","0","0"
"20201005","43.99","35.74","1181.27","38.0","5","4","0","4","1","3","0","0"
"20180708","36.99","36.99","1726.96","58.0","1","0","0","0","0","1","0","0"
"20181129","29.99","29.99","502.16","22.0","3","0","3","0","0","2","0","0"
"20190219","38.99","38.99","291.22","15.0","2","0","0","0","2","0","0","0"
"20200420","43.99","43.99","390.72","20.0","1","0","0","0","1","0","0","0"
"20190102","38.99","38.99","182.17","9.0","2","0","0","0","1","1","0","0"
"20201001","43.99","35.74","844.62","29.25","4","4","0","4","2","1","1","0"
"20200611","39.99","39.99","519.07","20.0","1","0","0","0","0","1","0","0"
"20200326","31.99","31.99","955.39","34.54545454545455","11","0","11","0","6","4","0","1"
"20200915","43.99","43.99","260.28","12.5","2","0","0","0","0","1","0","0"
"20200919","43.99","43.99","1195.92","41.0","2","0","0","0","0","1","0","0"
"20190316","38.99","38.99","775.25","27.5","2","0","0","0","1","1","0","0"
"20200114","39.99","39.99","325.86","15.0","-1","0","0","0","0","1","0","0"
"20190529","38.99","38.99","800.94","31.333333333333332","6","0","0","0","1","3","0","2"
"20200118","39.99","39.99","916.41","31.333333333333332","3","0","0","0","0","3","0","0"
"20201011","43.99","38.49","1303.56","33.0","3","2","0","2","1","0","0","1"
"20180831","29.99","29.99","179.98","8.0","3","0","3","0","2","0","0","0"
"20190221","38.99","38.99","118.56","5.0","1","0","0","0","0","1","0","0"
"20190908","38.99","38.99","278.08","9.333333333333334","3","0","0","0","0","2","0","1"
"20181202","29.99","29.99","909.41","33.333333333333336","4","0","4","0","0","1","0","2"
"20181015","36.99","36.99","213.96","16.0","2","0","0","0","2","0","0","0"
"20181019","36.99","36.99","386.18","13.0","1","0","0","0","0","1","0","0"
"20191029","29.99","29.99","1377.66","52.5","5","1","5","2","1","3","0","0"
"20200614","39.99","39.99","599.91","12.0","1","0","0","0","1","0","0","0"
"20190331","29.99","29.99","414.71","16.6","8","0","8","0","0","3","0","0"
"20191224","29.99","29.99","478.91","16.5","2","0","2","0","0","2","0","0"
"20190130","29.99","29.99","127.58","5.0","1","0","1","0","0","0","0","0"
"20200916","43.99","43.99","4926.48","163.0","1","0","0","0","0","1","0","0"
"20200109","39.99","39.99","907.07","35.5","2","0","0","0","0","2","0","0"
"20190403","29.99","29.99","194.91","9.0","2","0","2","0","1","0","0","0"
"20200417","39.99","33.58","637.94","20.8","8","8","0","8","1","3","1","0"
"20190126","29.99","29.99","817.51","29.666666666666668","3","0","3","0","2","1","0","0"
"20210119","43.99","43.99","151.94","6.0","1","0","0","0","1","0","0","0"
"20181126","29.99","29.99","852.56","34.25","5","0","5","0","0","3","0","0"
"20200421","43.99","35.99","1044.23","41.666666666666664","3","2","0","2","1","2","0","0"
"20190520","38.99","38.99","734.12","33.0","2","0","0","0","0","2","0","0"
"20200729","39.99","39.99","976.83","35.0","2","0","0","0","0","2","0","0"
"20210310","43.99","43.99","882.96","32.0","1","0","0","0","1","0","0","0"
"20201002","43.99","32.99","886.12","20.0","4","4","0","4","0","1","0","1"
"20191023","29.99","29.99","715.42","17.0","1","0","1","0","0","0","0","1"
"20200528","39.99","29.99","178.18","9.0","1","1","1","1","1","0","0","0"
"20200524","39.99","37.32","1187.52","42.666666666666664","4","2","0","2","0","2","0","1"
"20200828","42.99","42.99","672.47","24.0","4","2","0","2","1","1","1","0"
"20210113","43.99","43.99","1930.56","47.5","3","0","0","0","0","2","0","0"
"20190904","38.99","38.99","590.11","31.0","2","0","0","0","0","1","0","0"
"20200407","39.99","39.98","1602.41","53.0","5","1","0","1","0","3","0","1"
"20190510","38.99","38.99","120.54","7.0","1","0","0","0","0","1","0","0"
"20201108","43.99","43.99","969.24","27.0","2","0","0","0","0","1","0","0"
"20190314","38.99","38.99","322.75","21.0","1","0","0","0","1","0","0","0"
"20201104","43.99","43.99","1073.83","29.666666666666668","4","0","0","0","1","1","0","1"
"20210104","45.99","45.99","899.23","26.0","2","0","0","0","0","1","0","1"
"20210221","32.99","32.99","908.31","28.8","5","0","5","0","1","2","0","2"
"20190502","38.99","38.99","576.68","27.0","1","0","0","0","0","1","0","0"
"20190307","29.99","29.99","286.60","13.0","1","0","1","0","0","1","0","0"
"20190810","38.99","38.99","837.90","28.6","5","0","0","0","1","3","0","1"
"20200516","39.99","37.99","829.74","22.25","7","2","0","2","0","3","0","1"
"20200629","39.99","33.91","528.57","24.0","2","1","0","1","1","1","0","0"
"20200820","42.99","42.99","255.67","9.0","1","0","0","0","0","0","0","1"
"20200610","39.99","39.99","453.40","17.0","3","0","0","0","1","1","0","1"
"20190912","39.99","39.99","213.85","11.0","1","0","0","0","1","0","0","0"
"20201230","43.99","43.99","551.72","12.0","1","0","0","0","0","1","0","0"
"20181210","38.99","38.99","484.16","20.25","4","0","0","0","1","2","0","1"
"20201203","32.99","32.99","483.38","14.0","1","0","1","0","1","0","0","0"
"20200926","43.99","32.99","1096.79","38.666666666666664","3","3","0","3","0","3","0","0"
"20200220","39.99","39.99","39.99","1.0","1","0","0","0","0","0","0","0"
"20190604","38.99","38.99","716.04","18.0","1","0","0","0","1","0","0","0"
"20200618","43.99","43.99","365.42","10.0","1","0","0","0","1","0","0","0"
"20191103","29.99","29.99","1053.66","37.57142857142857","8","1","4","1","3","4","0","0"
"20210316","43.99","43.99","2044.86","55.5","2","0","0","0","0","0","0","0"
"20191216","29.99","29.99","5457.65","142.0","2","0","2","0","0","0","0","2"
"20201113","43.99","43.99","500.59","17.0","1","0","0","0","0","1","0","0"
"20210203","43.99","43.99","362.24","17.0","2","0","0","0","1","1","0","0"
"20181206","38.99","38.99","676.40","28.0","1","0","0","0","0","1","0","0"
"20180902","29.99","29.99","847.98","32.4","6","0","6","0","1","3","0","1"
"20200805","39.99","39.99","366.24","11.0","1","0","0","0","1","0","0","0"
"20180715","36.99","36.99","1116.32","46.0","1","0","0","0","0","1","0","0"
"20190608","38.99","38.99","665.12","19.0","1","0","0","0","0","0","0","1"
"20190916","39.99","39.99","226.46","8.0","1","0","0","0","0","1","0","0"
"20180130","29.99","29.99","654.41","33.0","7","0","0","0","0","5","0","0"
"20200731","39.99","39.99","591.43","29.666666666666668","4","0","0","0","1","2","0","0"
"20200922","43.99","32.99","231.75","11.0","2","2","0","2","2","0","0","0"
"20200918","43.99","43.99","198.70","6.0","1","0","0","0","1","0","0","0"
"20190721","29.99","29.99","620.13","23.9","13","0","13","0","2","4","0","1"
"20200110","39.99","39.99","327.50","11.0","1","0","0","0","1","0","0","0"
"20201128","32.99","32.99","1345.00","40.5","2","0","2","0","1","1","0","0"
"20190525","38.99","38.99","1302.51","44.0","2","0","0","0","0","2","0","0"
"20191122","39.99","39.99","332.75","15.0","3","0","0","0","1","1","0","0"
"20210128","43.99","43.99","772.10","20.666666666666668","3","0","0","0","1","1","0","1"
"20181104","36.99","36.99","718.10","30.333333333333332","3","0","0","0","0","1","0","2"
"20210401","32.99","32.99","2307.63","69.0","3","0","3","0","0","3","0","0"
"20200703","39.99","39.99","1076.90","39.25","4","0","0","0","1","3","0","0"
"20201003","43.99","32.99","1048.88","28.0","5","5","0","5","1","2","0","1"
"20181108","38.99","38.99","268.15","12.0","1","0","0","0","1","0","0","0"
"20190104","38.99","38.99","492.56","21.0","2","0","0","0","0","2","0","0"
"20210124","43.99","43.99","526.49","17.0","4","0","0","0","2","0","0","1"
"20200816","39.99","39.99","831.79","29.0","4","0","0","0","0","3","0","0"
"20190806","38.99","38.99","165.86","4.666666666666667","3","0","0","0","0","0","0","1"
"20201007","43.99","32.99","1553.05","45.0","2","2","0","2","0","0","0","1"
"20190202","29.99","29.99","614.11","24.666666666666668","5","0","5","0","1","2","0","0"
"20200801","39.99","39.99","851.98","26.0","4","0","0","0","1","3","0","0"
"20200216","39.99","39.99","659.35","12.0","1","0","0","0","0","1","0","0"
"20200520","39.99","35.99","475.10","17.0","2","1","0","1","0","2","0","0"
"20180812","36.99","36.99","978.92","35.5","2","0","0","0","0","2","0","0"
"20210226","43.99","43.99","1477.89","44.0","2","0","0","0","0","2","0","0"
"20190818","38.99","38.99","1071.03","41.0","4","0","0","0","0","3","0","1"
"20190822","38.99","38.99","393.99","18.0","0","0","0","0","0","1","0","0"
"20190506","38.99","38.99","2380.69","95.0","1","0","0","0","0","1","0","0"
"20190518","38.99","38.99","449.12","23.5","2","0","0","0","0","2","0","0"
"20190514","38.99","38.99","386.50","12.0","1","0","0","0","0","1","0","0"
"20201109","43.99","43.99","709.65","25.0","0","0","0","0","0","1","0","0"
"20180808","36.99","36.99","311.65","15.428571428571429","7","0","0","0","0","3","0","0"
"20201114","43.99","43.99","2223.06","56.0","3","0","0","0","0","1","0","1"
"20181020","36.99","36.99","1435.92","70.0","1","0","0","0","0","1","0","0"
"20200927","43.99","32.99","1378.21","61.0","1","1","0","1","1","0","0","0"
"20180907","29.99","29.99","305.78","11.25","4","0","4","0","0","1","0","1"
"20200619","39.99","39.99","119.06","6.0","1","0","0","0","0","1","0","0"
"20181215","38.99","38.99","2941.15","78.33333333333333","3","0","0","0","0","2","0","1"
"20190328","29.99","29.99","441.40","15.5","2","0","2","0","0","2","0","0"
"20190609","38.99","38.99","1094.80","31.5","2","0","0","0","0","2","0","0"
"20200814","39.99","39.99","508.83","16.0","3","0","0","0","0","1","0","1"
"20181211","38.99","38.99","942.63","31.75","5","0","0","0","1","3","0","0"
"20190913","39.99","39.99","550.46","16.0","3","0","0","0","0","3","0","0"
"20190615","38.99","38.99","200.13","11.0","1","0","0","0","1","0","0","0"
"20200508","39.99","39.99","633.53","28.0","2","0","0","0","0","2","0","0"
"20190927","39.99","39.99","714.81","19.0","1","0","0","0","0","1","0","0"
"20190623","38.99","38.99","478.90","19.333333333333332","3","0","0","0","0","2","0","1"
"20210101","43.99","43.99","2223.22","70.0","1","0","0","0","0","1","0","0"
"20200325","31.99","31.99","1048.83","29.2","5","0","5","0","0","3","0","1"
"20210218","32.99","32.99","686.28","24.0","1","0","1","0","1","0","0","0"
"20210405","32.99","32.99","910.12","38.0","3","0","2","0","1","2","0","0"
"20201101","43.99","43.99","604.76","21.0","3","0","0","0","1","2","0","0"
"20190311","38.99","38.99","418.52","19.5","2","0","0","0","0","2","0","0"
"20200321","39.99","39.99","1414.11","42.5","7","0","0","0","0","5","0","1"
"20210214","43.99","43.99","979.53","43.0","4","0","0","0","0","2","0","0"
"20200204","43.99","43.99","596.79","21.0","1","0","0","0","0","1","0","0"
"20200817","42.99","42.99","840.20","28.5","2","0","0","0","0","2","0","0"
"20200930","43.99","32.99","893.25","35.0","1","1","0","1","0","1","0","0"
"20190222","38.99","38.99","2281.68","69.0","1","0","0","0","0","1","0","0"
"20210215","32.99","32.99","750.47","27.666666666666668","3","1","2","1","0","3","0","0"
"20181218","38.99","38.99","608.40","26.666666666666668","3","0","0","0","1","2","0","0"
"20190304","38.99","38.99","1279.52","41.0","1","0","0","0","0","0","0","1"
"20201129","32.99","32.99","1690.62","53.0","2","1","2","1","1","1","0","0"
"20181119","29.99","29.99","238.16","12.666666666666666","4","0","4","0","2","1","0","0"
"20190821","38.99","38.99","604.66","21.666666666666668","3","0","0","0","0","2","0","0"
"20191016","39.99","39.99","346.81","11.0","2","0","0","0","1","1","0","0"
"20200129","43.99","43.99","412.97","16.0","1","0","0","0","0","1","0","0"
"20201030","43.99","43.99","751.97","24.333333333333332","3","0","0","0","0","2","0","1"
"20200901","42.99","42.99","970.55","38.0","1","0","0","0","0","1","0","0"
"20180811","36.99","36.99","533.51","23.0","1","0","0","0","0","1","0","0"
"20181214","38.99","38.99","565.17","16.0","1","0","0","0","0","0","0","1"
"20201207","32.99","32.99","1855.64","52.0","1","0","1","0","0","1","0","0"
"20190920","39.99","39.99","282.85","10.5","2","0","0","0","1","1","0","0"
"20180910","36.99","36.99","203.60","10.0","3","0","0","0","0","2","0","0"
"20200201","43.99","43.99","385.37","17.0","1","0","0","0","1","0","0","0"
"20210207","43.99","43.99","393.51","18.0","1","0","0","0","0","1","0","0"
"20180906","29.99","29.99","739.08","31.0","1","0","1","0","0","1","0","0"
"20190928","39.99","39.99","1300.81","49.0","1","0","0","0","0","1","0","0"
"20201121","43.99","43.99","785.22","30.0","1","0","0","0","0","1","0","0"
"20181222","38.99","38.99","1832.37","48.0","1","0","0","0","0","1","0","0"
"20200414","39.99","34.66","868.98","33.833333333333336","6","4","0","4","2","3","0","1"
"20200905","42.99","42.99","1540.66","47.0","1","1","0","1","0","1","0","0"
"20190427","38.99","38.99","242.62","13.0","1","0","0","0","1","0","0","0"
"20201026","43.99","43.99","701.81","19.0","1","0","0","0","0","1","0","0"
"20191129","39.99","39.99","414.04","20.0","1","0","0","0","1","0","0","0"
"20190123","29.99","29.99","795.91","28.833333333333332","7","0","7","0","3","2","0","0"
"20181123","29.99","29.99","1062.59","37.625","19","2","19","2","3","9","0","4"
"20201022","43.99","43.99","-87.98","-2.0","-1","0","0","0","0","0","0","0"
"20210307","43.99","43.99","910.13","40.0","3","0","0","0","1","2","0","0"
"20190807","38.99","38.99","438.95","17.0","1","0","0","0","0","1","0","0"
"20200314","39.99","39.99","819.19","32.4","5","0","0","0","1","1","0","3"
"20191201","39.99","39.99","2697.85","91.0","1","0","0","0","1","0","0","0"
"20200813","39.99","39.99","318.93","9.0","1","0","0","0","1","0","0","0"
"20190924","39.99","39.99","216.93","8.0","1","0","0","0","0","0","0","1"
"20190803","38.99","38.99","1103.36","51.5","2","0","0","0","0","1","0","1"
"20200626","39.99","39.99","1600.76","67.0","1","0","0","0","1","0","0","0"
"20200630","39.99","39.99","889.52","28.0","3","0","0","0","1","1","0","0"
"20210211","43.99","43.99","1150.55","34.333333333333336","3","0","0","0","0","2","0","1"
"20200509","39.99","34.66","1120.70","24.333333333333332","3","2","0","2","1","1","0","1"
"20180820","29.99","29.99","596.16","28.0","1","0","1","0","0","1","0","0"
"20210117","43.99","43.99","420.39","15.0","1","0","0","0","1","0","0","0"
"20180816","36.99","36.99","760.04","32.0","1","0","0","0","0","1","0","0"
"20190405","29.99","29.99","548.83","29.0","1","0","1","0","0","1","0","0"
"20190830","38.99","38.99","733.86","29.666666666666668","3","0","0","0","1","2","0","0"
"20210312","43.99","43.99","2274.01","59.0","3","0","0","0","0","3","0","0"
"20190530","38.99","38.99","808.78","28.0","1","0","0","0","0","0","0","0"
"20201117","43.99","43.99","247.11","11.0","2","0","0","0","1","1","0","0"
"20200111","39.99","39.99","1967.01","51.0","1","0","0","0","0","1","0","0"
"20181101","36.99","36.99","620.73","27.5","2","0","0","0","0","0","0","1"
"20190522","38.99","38.99","256.61","12.0","1","0","0","0","1","0","0","0"
"20190526","38.99","38.99","802.03","31.75","5","0","0","0","0","3","0","0"
"20201004","43.99","32.99","700.35","23.333333333333332","3","3","0","3","1","2","0","0"
"20200411","39.99","39.99","2236.40","70.5","3","0","0","0","0","1","0","1"
"20210402","32.99","32.99","651.11","20.0","5","0","5","0","1","4","0","0"
"20210125","43.99","43.99","679.45","18.5","2","0","0","0","2","0","0","0"
"20190717","29.99","29.99","569.25","22.0","2","0","2","0","0","2","0","0"
"20200224","39.99","39.99","383.74","14.0","2","0","0","0","1","1","0","0"
"20200103","39.99","39.99","1566.25","54.0","1","0","0","0","0","1","0","0"
"20180824","29.99","29.99","776.79","26.5","4","0","4","0","1","1","0","0"
"20200605","39.99","29.99","605.57","25.0","5","5","5","5","0","3","1","0"
"20200726","39.99","39.99","1449.73","55.0","2","0","0","0","1","0","0","0"
"20191020","39.99","39.99","1338.32","41.5","2","0","0","0","0","2","0","0"
"20210311","43.99","43.99","522.35","17.0","1","0","0","0","1","0","0","0"
"20190131","29.99","29.99","1449.49","35.0","1","0","1","0","0","1","0","0"
"20210319","43.99","43.99","142.31","9.0","1","0","0","0","1","0","0","0"
"20190712","38.99","38.99","1020.62","37.666666666666664","4","0","0","0","0","2","0","1"
"20180710","36.99","36.99","253.45","15.5","2","0","0","0","1","1","0","0"
"20210315","43.99","43.99","184.70","6.5","2","0","0","0","0","2","0","0"
"20200730","39.99","39.99","813.06","30.0","1","0","0","0","0","1","0","0"
"20191028","29.99","29.99","450.76","14.0","3","0","3","0","0","2","0","0"
"20200422","43.99","37.99","584.72","19.5","3","1","0","1","0","2","0","0"
"20200301","39.99","39.99","745.29","30.0","3","0","0","0","1","2","0","0"
"20200418","39.99","31.99","315.85","14.0","1","1","0","1","1","0","0","0"
"20201229","43.99","43.99","948.89","31.25","4","0","0","0","1","3","0","0"
"20200917","43.99","43.99","622.19","29.0","1","0","0","0","1","0","0","0"
"20190720","29.99","29.99","841.41","30.6","5","0","5","0","0","4","0","1"
"20191024","29.99","29.99","142.74","6.5","2","0","2","0","1","0","0","0"
"20180903","29.99","29.99","471.48","21.666666666666668","4","0","4","0","0","2","0","1"
"20190605","38.99","38.99","810.18","34.4","5","0","0","0","2","3","0","0"
"20200806","39.99","39.99","619.80","22.0","1","0","0","0","1","0","0","0"
"20200802","39.99","39.99","748.74","29.0","1","0","0","0","0","0","0","1"
"20200529","39.99","32.49","1736.99","58.0","7","6","7","6","0","4","0","0"
"20190523","38.99","38.99","806.13","40.0","1","0","0","0","0","1","0","0"
"20201122","43.99","43.99","1378.90","52.5","2","0","0","0","0","2","0","0"
"20191104","29.99","29.99","699.00","21.8","5","2","0","2","0","3","0","1"
"20200810","39.99","39.99","1198.08","41.666666666666664","3","0","0","0","0","3","0","0"
"20200229","39.99","39.99","1741.95","63.0","2","0","0","0","1","0","0","1"
"20190825","38.99","38.99","675.55","25.75","4","0","0","0","1","3","0","0"
"20191012","39.99","39.99","960.35","34.333333333333336","3","0","0","0","1","1","0","1"
"20210303","43.99","43.99","446.84","26.0","1","0","0","0","1","0","0","0"
"20200722","39.99","39.99","1627.92","36.0","1","0","0","0","0","1","0","0"
"20200601","39.99","34.99","832.03","20.0","4","1","4","1","1","1","0","0"
"20190708","38.99","38.99","309.41","9.0","1","0","0","0","0","1","0","0"
"20200718","39.99","39.99","999.99","33.0","4","0","0","0","0","3","0","0"
"20190704","38.99","38.99","271.52","9.0","1","0","0","0","1","0","0","0"
"20200410","39.99","39.99","498.54","9.0","1","0","0","0","1","0","0","0"
"20180819","36.99","36.99","808.10","33.333333333333336","4","0","0","0","0","3","0","0"
"20200714","39.99","39.99","1274.02","44.0","5","0","0","0","1","4","0","0"
"20200311","39.99","38.49","297.18","9.5","2","1","0","1","0","0","0","1"
"20190613","38.99","38.99","915.88","28.0","2","0","0","0","1","1","0","0"
"20201204","32.99","32.99","449.01","15.0","3","2","3","2","0","2","0","0"
"20180712","36.99","36.99","286.62","16.0","1","0","0","0","1","0","0","0"
"20210325","32.99","32.99","2114.50","55.0","2","0","2","0","1","1","0","0"
"20210208","43.99","43.99","782.15","26.0","2","0","0","0","0","2","0","0"
"20200419","39.99","33.99","1172.62","40.75","6","5","0","5","0","4","0","0"
"20190401","29.99","29.99","653.30","29.714285714285715","8","0","8","0","1","4","0","1"
"20200415","39.99","34.27","1280.35","48.42857142857143","10","9","0","9","1","6","0","0"
"20200727","39.99","39.99","653.36","16.0","1","0","0","0","0","1","0","0"
"20200921","43.99","32.99","513.25","15.5","2","2","0","2","1","1","0","0"
"20200913","42.99","42.99","945.06","28.0","2","0","0","0","1","1","0","0"
"20180823","29.99","29.99","267.96","13.0","2","0","2","0","0","1","0","1"
"20190127","29.99","29.99","1151.79","38.5","4","0","4","0","0","2","0","0"
"20190404","29.99","29.99","732.14","27.666666666666668","5","0","5","0","0","1","0","1"
"20180827","29.99","29.99","357.86","14.25","7","0","7","0","0","2","0","1"
"20190408","38.99","38.99","200.68","7.0","1","0","0","0","0","1","0","0"
"20190716","29.99","29.99","1202.85","45.666666666666664","5","0","5","0","0","2","0","1"
"20200609","39.99","39.99","1237.44","33.5","2","0","0","0","0","2","0","0"
"20190412","38.99","38.99","764.86","14.0","1","0","0","0","0","0","0","1"
"20200613","39.99","39.99","653.43","19.0","1","0","0","0","0","1","0","0"
"20190903","38.99","38.99","0.00","0.0","0","0","0","0","0","0","0","0"
"20180706","36.99","36.99","720.56","27.0","2","0","0","0","1","1","0","0"
"20200903","42.99","42.99","902.65","36.5","2","0","0","0","0","2","0","0"
"20200907","42.99","42.99","533.35","20.5","4","3","0","3","2","2","0","0"
"20180723","36.99","36.99","195.59","10.0","1","0","0","0","0","1","0","0"
"20210328","32.99","32.99","3019.56","78.5","2","0","2","0","0","2","0","0"
"20201208","32.99","32.99","1071.46","39.5","2","1","2","1","1","1","0","0"
"20190301","38.99","38.99","1407.81","49.0","1","0","0","0","0","1","0","0"
"20201212","32.99","32.97","341.69","12.333333333333334","3","2","3","2","2","0","0","1"
"20180720","36.99","36.99","804.35","42.0","1","0","0","0","0","1","0","0"
"20190110","38.99","38.99","99.54","5.0","1","0","0","0","1","0","0","0"
"20190726","38.99","38.99","946.89","38.0","1","0","0","0","0","1","0","0"
"20210321","43.99","43.99","2392.44","59.0","2","0","0","0","0","1","0","1"
"20200623","39.99","39.99","941.50","32.333333333333336","3","0","0","0","1","2","0","0"
"20190422","38.99","38.99","446.38","14.0","1","0","0","0","0","1","0","0"
"20191223","29.99","29.99","349.08","12.5","2","0","2","0","0","0","0","2"
"20191106","29.99","29.99","774.64","24.0","4","1","4","2","0","4","0","0"
"20191102","29.99","29.99","609.44","21.666666666666668","4","1","4","2","0","2","0","0"
"20190209","38.99","38.99","612.67","24.5","2","0","0","0","0","1","0","1"
"20181027","36.99","36.99","1073.12","27.0","3","0","0","0","0","3","0","0"
"20201215","43.99","33.50","605.09","20.0","6","5","0","5","0","3","0","1"
"20200322","39.99","39.99","1372.86","43.666666666666664","7","0","0","0","1","4","0","1"
"20200127","43.99","43.99","469.67","13.5","2","0","0","0","1","1","0","0"
"20190425","38.99","38.99","800.46","26.5","2","0","0","0","1","1","0","0"
"20191205","39.99","39.99","115.15","4.0","1","0","0","0","0","0","0","0"
"20201219","43.99","35.60","785.85","25.6","6","4","0","4","1","4","0","0"
"20191014","39.99","39.99","1446.37","38.0","1","0","0","0","0","1","0","0"
"20191018","39.99","39.99","235.80","12.0","2","0","0","0","0","1","0","0"
"20201024","43.99","43.99","956.85","32.0","1","0","0","0","0","0","0","0"
"20200315","39.99","39.99","1223.43","35.6","5","0","0","0","2","3","0","0"
"20180716","36.99","36.99","238.36","11.25","4","0","0","0","1","3","0","0"
"20210329","32.99","32.99","778.96","22.25","5","0","5","0","1","3","0","0"
"20190418","38.99","38.99","1520.39","49.0","1","0","0","0","0","1","0","0"
"20200627","39.99","39.99","1479.04","51.0","3","0","0","0","2","1","0","0"
"20201120","43.99","43.99","677.35","22.5","2","0","0","0","1","0","0","1"
"20200531","39.99","33.99","537.01","18.0","6","4","6","4","1","4","0","0"
"20200102","39.99","39.99","148.64","6.5","2","0","0","0","2","0","0","0"
"20200527","39.99","32.49","1573.97","52.75","5","3","5","3","1","3","0","0"
"20181127","29.99","29.99","634.07","20.5","6","0","6","0","0","3","0","1"
"20190330","29.99","29.99","691.98","23.5","2","0","2","0","0","1","0","1"
"20201112","43.99","43.99","471.50","22.0","2","0","0","0","2","0","0","0"
"20201116","43.99","43.99","702.90","28.0","1","0","0","0","0","1","0","0"
"20200804","39.99","39.99","298.44","6.0","1","0","0","0","0","1","0","0"
"20210116","43.99","43.99","1373.77","47.5","2","0","0","0","0","2","0","0"
"20190513","38.99","38.99","543.48","15.0","2","0","0","0","0","2","0","0"
"20200219","39.99","39.99","1129.93","30.0","2","0","0","0","0","2","0","0"
"20191219","29.99","29.99","1873.81","52.0","1","0","1","0","0","1","0","0"
"20200223","39.99","39.99","614.24","19.333333333333332","6","0","0","0","2","1","0","3"
"20190326","29.99","29.99","541.82","18.666666666666668","6","0","6","0","0","3","0","0"
"20210112","43.99","43.99","588.99","22.0","1","0","0","0","0","1","0","0"
"20190517","38.99","38.99","457.52","12.0","1","0","0","0","0","1","0","0"
"20181209","38.99","38.99","598.48","18.666666666666668","3","0","0","0","0","3","0","0"
"20200628","39.99","39.99","669.53","23.0","2","0","0","0","0","2","0","0"
"20200324","39.99","39.99","922.37","34.75","5","0","0","0","1","3","0","0"
"20181029","36.99","36.99","892.96","22.0","1","0","0","0","0","1","0","0"
"20200316","39.99","39.99","2391.00","81.55555555555556","11","0","0","0","1","8","0","0"
"20190614","38.99","38.99","1434.72","64.0","1","0","0","0","0","1","0","0"
"20180912","36.99","36.99","431.38","14.0","1","0","0","0","0","0","0","1"
"20201213","32.99","32.99","893.41","30.0","3","2","3","2","0","3","0","0"
"20200320","39.99","39.99","2077.72","58.5","5","0","0","0","1","3","0","0"
"20190731","38.99","38.99","991.18","32.0","1","0","0","0","0","1","0","0"
"20201217","43.99","33.50","387.26","11.0","7","7","0","7","1","1","0","0"
"20210330","32.99","32.99","805.13","25.666666666666668","4","0","4","0","1","1","0","0"
"20201209","32.99","32.99","401.09","16.75","4","3","4","3","1","3","0","0"
"20200511","39.99","31.99","1888.15","57.0","2","2","0","2","0","1","0","0"
"20190610","38.99","38.99","410.14","10.0","1","0","0","0","0","1","0","0"
"20180725","36.99","36.99","819.96","32.0","1","0","0","0","0","1","0","0"
"20210209","43.99","43.98","587.47","17.5","2","1","0","1","0","2","0","0"
"20200203","43.99","43.99","1033.30","31.5","2","0","0","0","0","0","0","1"
"20190618","38.99","38.99","1345.01","51.5","2","0","0","0","0","2","0","0"
"20180721","36.99","36.99","187.51","8.0","1","0","0","0","0","1","0","0"
"20191203","39.99","39.99","786.59","22.5","2","0","0","0","1","1","0","0"
"20190302","38.99","38.99","417.92","12.0","1","0","0","0","0","0","0","1"
"20190310","29.99","29.99","846.91","33.6","5","0","5","0","1","3","0","1"
"20180729","36.99","36.99","984.85","31.0","2","0","0","0","0","2","0","0"
"20190922","39.99","39.99","748.41","28.333333333333332","3","0","0","0","0","3","0","0"
"20210217","32.99","32.99","1054.82","29.5","4","0","4","0","0","3","0","1"
"20180717","36.99","36.99","1229.62","37.0","1","0","0","0","0","0","0","1"
"20191010","39.99","39.99","695.80","27.5","2","0","0","0","0","2","0","0"
"20201028","43.99","43.99","513.84","14.0","1","0","0","0","1","0","0","0"
"20190125","29.99","29.99","716.97","25.8","8","0","8","0","1","4","0","0"
"20201023","43.99","43.99","1755.85","53.0","1","0","0","0","0","0","0","1"
"20190728","38.99","38.99","-78.58","-3.0","-2","0","0","0","0","0","0","0"
"20201210","32.99","32.99","1073.49","33.0","3","1","3","2","1","2","0","0"
"20200902","42.99","42.99","390.13","15.0","1","0","0","0","0","1","0","0"
"20200130","43.99","43.99","70.17","3.0","1","0","0","0","0","0","0","0"
"20191009","39.99","39.99","448.87","20.0","1","0","0","0","1","0","0","0"
"20190108","38.99","38.99","1437.23","55.5","2","0","0","0","0","0","0","1"
"20200711","39.99","39.99","2192.68","30.0","1","0","0","0","0","1","0","0"
"20191013","39.99","39.99","1240.26","45.0","2","0","0","0","0","2","0","0"
"20201019","43.99","43.99","424.43","8.0","1","0","0","0","0","1","0","0"
"20190116","38.99","38.99","547.22","19.0","1","0","0","0","0","1","0","0"
"20190701","38.99","38.99","480.69","20.0","3","0","0","0","1","1","0","1"
"20181112","38.99","38.99","492.01","26.0","1","0","0","0","0","1","0","0"
"20181116","38.99","38.99","719.87","28.5","2","0","0","0","0","1","0","0"
"20200912","42.99","0.00","566.90","13.0","1","1","0","1","0","1","0","0"
"20201216","43.99","38.39","2691.23","71.4","6","3","0","3","0","5","0","0"
"20210220","32.99","32.99","654.53","22.666666666666668","3","0","2","0","0","2","0","0"
"20190430","38.99","38.99","668.40","21.0","1","0","0","0","1","0","0","0"
"20190625","29.99","29.99","252.92","12.666666666666666","4","0","4","0","1","2","0","0"
"20201211","32.99","32.99","255.16","10.5","2","1","2","1","1","1","0","0"
"20190308","29.99","29.99","1684.71","55.0","1","0","1","0","0","1","0","0"
"20190312","38.99","38.99","771.51","26.333333333333332","4","0","0","0","1","1","0","0"
"20200715","39.99","39.99","698.29","28.0","1","0","0","0","1","0","0","0"
"20200126","39.99","39.99","3255.31","108.0","1","0","0","0","1","0","0","0"
"20200707","39.99","39.99","710.16","22.5","2","0","0","0","1","0","0","1"
"20201015","43.99","43.99","216.42","8.0","1","0","0","0","0","0","0","1"
"20191130","39.99","39.99","520.21","12.0","1","0","0","0","0","0","0","1"
"20190902","38.99","38.99","1296.00","27.0","3","0","0","0","0","2","0","1"
"20180724","36.99","36.99","574.37","15.0","1","0","0","0","0","1","0","0"
"20210216","32.99","32.99","1227.42","35.333333333333336","3","0","3","0","0","2","0","1"
"20191210","29.99","29.99","566.71","22.0","4","0","4","0","1","1","0","1"
"20210302","43.99","43.99","326.01","9.5","2","0","0","0","0","1","0","1"
"20200331","31.99","31.99","1369.80","72.0","3","0","3","0","2","0","0","0"
"20190309","29.99","29.99","930.50","30.142857142857142","8","0","8","0","2","4","0","0"
"20200206","43.99","43.99","991.54","36.0","1","0","0","0","0","1","0","0"
"20200323","39.99","39.99","1070.84","31.142857142857142","9","0","0","0","0","5","0","2"
"20201224","43.99","30.00","850.42","32.5","2","2","0","2","1","1","0","0"
"20201220","43.99","34.66","771.30","22.0","5","4","0","4","1","1","0","1"
"20191202","39.99","39.99","5069.96","159.0","2","0","0","0","0","1","0","0"
"20180728","36.99","36.99","741.54","26.0","1","0","0","0","1","0","0","0"
"20190317","38.99","38.99","487.47","14.5","2","0","0","0","0","1","0","1"
"20200908","42.99","42.99","1390.28","48.0","1","1","0","1","0","1","0","0"
"20190512","38.99","38.99","1062.65","40.0","1","0","0","0","0","1","0","0"
"20190508","38.99","38.99","415.44","20.0","1","0","0","0","1","0","0","0"
"20191011","39.99","39.99","811.50","29.0","2","0","0","0","0","1","0","1"
"20200526","39.99","29.99","688.06","18.0","4","4","4","4","0","3","0","0"
"20190816","38.99","38.99","387.09","20.0","2","0","0","0","1","1","0","0"
"20191007","39.99","39.99","220.94","6.0","1","0","0","0","0","0","0","1"
"20191124","39.99","39.99","1134.27","26.666666666666668","3","0","0","0","1","2","0","0"
"20181114","38.99","38.99","764.80","22.5","2","0","0","0","0","1","0","1"
"20190820","38.99","38.99","1235.46","40.0","2","0","0","0","0","2","0","0"
"20200830","42.99","42.99","452.04","20.0","1","0","0","0","0","1","0","0"
"20180810","36.99","36.99","146.54","5.0","1","0","0","0","0","1","0","0"
"20200713","39.99","39.99","581.23","16.0","3","0","0","0","0","3","0","0"
"20190703","38.99","38.99","1585.97","52.5","2","0","0","0","0","2","0","0"
"20181110","38.99","38.99","889.90","37.0","1","0","0","0","0","0","0","1"
"20201017","43.99","43.99","1037.74","37.666666666666664","5","0","0","0","1","1","0","1"
"20210103","45.99","45.99","746.96","23.0","2","0","0","0","0","2","0","0"
"20200717","39.99","39.99","948.61","28.0","2","0","0","0","1","1","0","0"
"20200124","39.99","39.99","546.58","22.0","2","0","0","0","0","2","0","0"
"20200125","39.99","39.99","545.60","23.0","1","0","0","0","1","0","0","0"
"20191125","39.99","39.99","1790.31","47.0","3","0","0","0","0","2","0","0"
"20181228","38.99","38.99","1929.79","53.0","1","0","0","0","0","1","0","0"
"20190501","38.99","38.99","523.29","18.0","2","0","0","0","0","2","0","0"
"20210408","32.99","32.99","444.57","12.8","9","0","9","0","2","1","0","1"
"20181111","38.99","38.99","543.33","17.666666666666668","3","0","0","0","0","0","0","2"
"20191105","29.99","29.99","1042.34","40.5","2","0","2","0","0","1","0","1"
"20180904","29.99","29.99","566.06","24.0","1","0","1","0","0","1","0","0"
"20180822","29.99","29.99","1337.85","61.5","3","0","3","0","0","2","0","0"
"20190805","38.99","38.99","812.35","29.75","4","0","0","0","0","3","0","1"
"20201127","43.99","43.99","576.21","14.0","1","0","0","0","0","1","0","0"
"20201119","43.99","43.99","200.74","6.0","1","0","0","0","0","1","0","0"
"20180826","29.99","29.99","1407.06","51.666666666666664","3","0","3","0","0","2","0","1"
"20210127","43.99","43.99","498.76","18.0","1","0","0","0","0","1","0","0"
"20200226","39.99","39.99","741.56","23.0","1","0","0","0","0","1","0","0"
"20200815","39.99","39.99","236.56","8.5","2","0","0","0","1","0","0","1"
"20210123","43.99","43.99","315.27","11.5","2","0","0","0","1","0","0","0"
"20200811","39.99","39.99","404.37","14.666666666666666","3","0","0","0","2","0","0","0"
"20190528","38.99","38.99","344.46","16.0","3","0","0","0","0","1","0","0"
"20200827","42.99","42.99","682.78","25.5","2","0","0","0","0","1","0","0"
"20181107","38.99","38.99","109.96","4.0","1","0","0","0","0","1","0","0"
"20201018","43.99","43.99","957.40","34.5","5","0","0","0","1","2","0","0"
"20190419","38.99","38.99","2061.60","62.5","2","0","0","0","0","2","0","0"
"20210131","43.99","43.99","914.68","33.666666666666664","4","0","0","0","1","2","0","0"
"20180830","29.99","29.99","350.61","14.25","6","0","6","0","0","2","0","1"
"20190809","38.99","38.99","504.78","19.666666666666668","3","0","0","0","0","3","0","0"
"20200429","43.99","31.99","496.99","29.0","1","1","0","1","0","1","0","0"
"20190228","38.99","38.99","154.55","6.0","1","0","0","0","1","0","0","0"
"20190817","38.99","38.99","515.48","22.25","4","0","0","0","1","3","0","0"
"20200706","39.99","39.99","789.44","30.0","2","0","0","0","0","1","0","1"
"20180803","36.99","36.99","665.04","23.0","1","0","0","0","0","0","0","1"
"20200425","43.99","40.99","1483.52","42.5","5","1","0","1","0","3","0","0"
"20200402","31.99","31.99","1431.85","51.0","3","0","3","0","0","3","0","0"
"20200823","42.99","42.99","362.84","19.0","1","0","0","0","1","0","0","0"
"20200831","42.99","42.99","42.99","1.0","1","1","0","1","0","0","0","0"
"20210404","32.99","32.99","224.40","10.0","1","0","1","0","1","0","0","0"
"20181118","38.99","38.99","445.92","17.0","1","0","0","0","0","0","0","1"
"20201021","43.99","43.99","1357.01","35.0","1","0","0","0","0","1","0","0"
"20200709","39.99","39.99","524.85","21.0","3","0","0","0","0","1","0","2"
"20210111","43.99","43.99","712.06","35.0","1","0","0","0","0","1","0","0"
"20190114","38.99","38.99","1766.30","64.0","1","0","0","0","0","1","0","0"
"20200128","43.99","43.99","87.56","5.0","1","0","0","0","0","0","0","0"
"20201025","43.99","43.99","563.69","26.0","1","0","0","0","0","1","0","0"
"20200522","39.99","31.99","353.97","16.0","2","2","0","2","0","2","0","0"
"20200409","39.99","39.99","888.14","25.5","3","0","0","0","1","1","0","0"
"20190516","38.99","38.99","209.53","9.0","1","0","0","0","0","1","0","0"
"20200702","39.99","39.99","768.50","24.333333333333332","3","0","0","0","0","3","0","0"
"20200710","39.99","39.99","859.08","29.0","2","0","0","0","0","2","0","0"
"20201014","43.99","43.99","613.01","14.0","2","0","0","0","0","2","0","0"
"20190813","38.99","38.99","256.58","13.0","1","0","0","0","0","1","0","0"
"20190415","38.99","38.99","315.62","18.0","1","0","0","0","0","1","0","0"
"20181216","38.99","38.99","2446.71","62.5","2","0","0","0","0","1","0","1"
"20190220","38.99","38.99","814.68","31.0","1","0","0","0","0","0","0","1"
"20180908","29.99","29.99","1789.50","51.0","3","0","3","0","0","3","0","0"
